Id,EmployeeName,Dept,Salary
1000,Name000001,Dept000001,100000
1001,Name000002,Dept000001,100000
1002,Name000003,Dept000001,100000
1003,Name000004,Dept000001,100000
1004,Name000005,Dept000001,100000
1005,Name000006,Dept000001,100000
1006,Name000007,Dept000001,100000
1007,Name000008,Dept000001,50000
1008,Name000009,Dept000001,50000
1009,Name000010,Dept000001,50000
1010,Name000011,Dept000002,100000
1011,Name000012,Dept000002,100000
1012,Name000013,Dept000002,100000
1013,Name000014,Dept000002,100000
1014,Name000015,Dept000002,100000
1015,Name000016,Dept000002,100000
1016,Name000017,Dept000002,100000
1017,Name000018,Dept000002,100000
1018,Name000019,Dept000002,100000
1019,Name000020,Dept000002,100000
1020,Name000021,Dept000003,100000
1021,Name000022,Dept000003,100000
1022,Name000023,Dept000003,50000
1023,Name000024,Dept000003,100000
1024,Name000025,Dept000003,100000
1025,Name000026,Dept000003,100000
1026,Name000027,Dept000003,100000
1027,Name000028,Dept000003,100000
1028,Name000029,Dept000003,100000
1029,Name000030,Dept000003,50000
1030,Name000031,Dept000004,100000
1031,Name000032,Dept000004,100000
1032,Name000033,Dept000004,100000
1033,Name000034,Dept000004,100000
1034,Name000035,Dept000004,100000
1035,Name000036,Dept000004,100000
1036,Name000037,Dept000004,100000
1037,Name000038,Dept000004,50000
1038,Name000039,Dept000004,100000
1039,Name000040,Dept000004,100000
1040,Name000041,Dept000005,100000
1041,Name000042,Dept000005,100000
1042,Name000043,Dept000005,100000
1043,Name000044,Dept000005,100000
1044,Name000045,Dept000005,100000
1045,Name000046,Dept000005,100000
1046,Name000047,Dept000005,100000
1047,Name000048,Dept000005,100000
1048,Name000049,Dept000005,100000
1049,Name000050,Dept000005,100000
1050,Name000051,Dept000006,100000
1051,Name000052,Dept000006,100000
1052,Name000053,Dept000006,100000
1053,Name000054,Dept000006,100000
1054,Name000055,Dept000006,100000
1055,Name000056,Dept000006,100000
1056,Name000057,Dept000006,100000
1057,Name000058,Dept000006,100000
1058,Name000059,Dept000006,100000
1059,Name000060,Dept000006,100000
1060,Name000061,Dept000007,100000
1061,Name000062,Dept000007,100000
1062,Name000063,Dept000007,100000
1063,Name000064,Dept000007,100000
1064,Name000065,Dept000007,100000
1065,Name000066,Dept000007,100000
1066,Name000067,Dept000007,100000
1067,Name000068,Dept000007,100000
1068,Name000069,Dept000007,100000
1069,Name000070,Dept000007,100000
1070,Name000071,Dept000008,100000
1071,Name000072,Dept000008,100000
1072,Name000073,Dept000008,100000
1073,Name000074,Dept000008,100000
1074,Name000075,Dept000008,100000
1075,Name000076,Dept000008,100000
1076,Name000077,Dept000008,100000
1077,Name000078,Dept000008,100000
1078,Name000079,Dept000008,100000
1079,Name000080,Dept000008,100000
1080,Name000081,Dept000009,100000
1081,Name000082,Dept000009,100000
1082,Name000083,Dept000009,100000
1083,Name000084,Dept000009,100000
1084,Name000085,Dept000009,100000
1085,Name000086,Dept000009,100000
1086,Name000087,Dept000009,100000
1087,Name000088,Dept000009,100000
1088,Name000089,Dept000009,100000
1089,Name000090,Dept000009,100000
1090,Name000091,Dept000010,100000
1091,Name000092,Dept000010,100000
1092,Name000093,Dept000010,100000
1093,Name000094,Dept000010,100000
1094,Name000095,Dept000010,100000
1095,Name000096,Dept000010,100000
1096,Name000097,Dept000010,100000
1097,Name000098,Dept000010,100000
1098,Name000099,Dept000010,100000
1099,Name000100,Dept000010,100000
